{
  "urls": [
    "ch2.mp3",
    "ch2.ogg",
    "ch2.m4a"
  ],
  "sprite": {
    "silence": [
      0,
      1000,
      true
    ],
    "BetUp": [
      1050,
      422.8798185941043
    ],
    "BonusNoWin": [
      2100,
      1999.9999999999995
    ],
    "BonusWin": [
      4149.999999999999,
      3754.7619047619046
    ],
    "InstantWin": [
      8200,
      1628.2086167800446
    ]
  }
}