{
  "urls": [
    "ch4.mp3",
    "ch4.ogg",
    "ch4.m4a"
  ],
  "sprite": {
    "silence": [
      0,
      1000,
      true
    ],
    "Click": [
      1050,
      500.68027210884367
    ],
    "YourNumberSelect": [
      2100,
      693.4920634920636
    ]
  }
}