{
  "urls": [
    "ch5.mp3",
    "ch5.ogg",
    "ch5.m4a"
  ],
  "sprite": {
    "silence": [
      0,
      1000,
      true
    ],
    "WinningNumberSelect2": [
      1050,
      2250
    ],
    "YourNumberSelect2": [
      4100,
      721.8594104308389
    ],
    "YourNumberSelect3": [
      5149.999999999999,
      1600.0000000000005
    ]
  }
}