{
  "urls": [
    "ch1.mp3",
    "ch1.ogg",
    "ch1.m4a"
  ],
  "sprite": {
    "silence": [
      0,
      1000,
      true
    ],
    "BetDown": [
      1050,
      422.8798185941043
    ],
    "Match": [
      2100,
      1141.7913832199545
    ],
    "MusicTermLose": [
      4150,
      2301.7687074829932
    ],
    "MusicTermWin": [
      7200,
      4141.133786848072
    ]
  }
}